Index, Serach
1, 0
2, 1197
3, 15
4, 23
5, 30
6, 38
7, 46
8, 53
9, 61
10, 69
11, 76
12, 81
13, 91
14, 107
15, 111
16, 115
17, 128
18, 137
19, 141
20, 154
21, 161
22, 161
23, 175
24, 192
25, 189
26, 193
27, 198
28, 207
29, 218
30, 231
31, 235
32, 259
33, 253
34, 263
35, 243
36, 274
37, 289
38, 292
39, 298
40, 306
41, 310
42, 321
43, 324
44, 338
45, 344
46, 353
47, 358
48, 376
49, 371
50, 381
51, 389
52, 395
53, 420
54, 416
55, 419
56, 450
57, 457
58, 454
59, 447
60, 464
61, 472
62, 489
63, 483
64, 484
65, 502
66, 534
67, 545
68, 526
69, 561
70, 566
71, 565
72, 552
73, 505
74, 521
75, 574
76, 638
77, 606
78, 594
79, 650
80, 638
81, 623
82, 631
83, 638
84, 637
85, 579
86, 660
87, 674
88, 678
89, 713
90, 716
91, 693
92, 704
93, 721
94, 718
95, 726
96, 684
97, 748
98, 760
99, 765
100, 780
